{
    "Total Distance (nautical miles)": 15601.09341775617,
    "Total Fuel Consumption (metric tons)": 4680.328025326851,
    "Total Fuel Cost (USD)": 2808196.815196111
}